{
  "meta": {
    "timestamp": "2026-01-30T20:57:55.958289+00:00",
    "phase": 3,
    "total_queries": 30,
    "k": 10,
    "mrr_threshold": 2,
    "methods": [
      "bm25",
      "embedding",
      "hybrid"
    ]
  },
  "overall": {
    "queries": 30,
    "bm25": {
      "ndcg@10": 0.8707980789420149,
      "mrr": 0.8305555555555555,
      "ci": [
        0.842,
        0.896
      ]
    },
    "embedding": {
      "ndcg@10": 0.7965832453343598,
      "mrr": 0.526521164021164,
      "ci": [
        0.759,
        0.832
      ]
    },
    "hybrid": {
      "ndcg@10": 0.8277710010619127,
      "mrr": 0.8333333333333334,
      "ci": [
        0.792,
        0.861
      ]
    }
  },
  "by_language": {
    "en": {
      "queries": 17,
      "bm25": {
        "ndcg@10": 0.8508151782944016,
        "mrr": 0.8333333333333333,
        "ci": [
          0.817,
          0.879
        ]
      },
      "embedding": {
        "ndcg@10": 0.8334080061403181,
        "mrr": 0.5073529411764706,
        "ci": [
          0.793,
          0.875
        ]
      },
      "hybrid": {
        "ndcg@10": 0.8534227778002188,
        "mrr": 0.872549019607843,
        "ci": [
          0.821,
          0.889
        ]
      }
    },
    "mixed": {
      "queries": 1,
      "bm25": {
        "ndcg@10": 0.8926754683139464,
        "mrr": 1.0
      },
      "embedding": {
        "ndcg@10": 0.9054357193593913,
        "mrr": 1.0
      },
      "hybrid": {
        "ndcg@10": 0.9752336216706279,
        "mrr": 1.0
      }
    },
    "zh": {
      "queries": 12,
      "bm25": {
        "ndcg@10": 0.8972840724118064,
        "mrr": 0.8125,
        "ci": [
          0.851,
          0.935
        ]
      },
      "embedding": {
        "ndcg@10": 0.7353437946904995,
        "mrr": 0.5142195767195767,
        "ci": [
          0.688,
          0.78
        ]
      },
      "hybrid": {
        "ndcg@10": 0.7791424322985862,
        "mrr": 0.7638888888888888,
        "ci": [
          0.717,
          0.834
        ]
      }
    }
  },
  "by_category": {
    "edge_case": {
      "queries": 5,
      "bm25": {
        "ndcg@10": 0.8498410949884372,
        "mrr": 0.9,
        "ci": [
          0.784,
          0.903
        ]
      },
      "embedding": {
        "ndcg@10": 0.8319749271246307,
        "mrr": 0.55,
        "ci": [
          0.756,
          0.92
        ]
      },
      "hybrid": {
        "ndcg@10": 0.8830131885850809,
        "mrr": 1.0,
        "ci": [
          0.82,
          0.951
        ]
      }
    },
    "entity": {
      "queries": 6,
      "bm25": {
        "ndcg@10": 0.8752244701962498,
        "mrr": 0.8055555555555555,
        "ci": [
          0.825,
          0.921
        ]
      },
      "embedding": {
        "ndcg@10": 0.762231085967758,
        "mrr": 0.34722222222222215,
        "ci": [
          0.725,
          0.799
        ]
      },
      "hybrid": {
        "ndcg@10": 0.8183564507792759,
        "mrr": 0.8333333333333334,
        "ci": [
          0.76,
          0.876
        ]
      }
    },
    "long_tail": {
      "queries": 5,
      "bm25": {
        "ndcg@10": 0.8523854777370534,
        "mrr": 0.75,
        "ci": [
          0.806,
          0.894
        ]
      },
      "embedding": {
        "ndcg@10": 0.778261487509573,
        "mrr": 0.5452380952380953,
        "ci": [
          0.699,
          0.853
        ]
      },
      "hybrid": {
        "ndcg@10": 0.8028248206478192,
        "mrr": 0.8333333333333333,
        "ci": [
          0.667,
          0.902
        ]
      }
    },
    "mixed": {
      "queries": 4,
      "bm25": {
        "ndcg@10": 0.8923538848671493,
        "mrr": 0.875
      },
      "embedding": {
        "ndcg@10": 0.89727077965888,
        "mrr": 0.75
      },
      "hybrid": {
        "ndcg@10": 0.9023470015000609,
        "mrr": 0.875
      }
    },
    "topic": {
      "queries": 10,
      "bm25": {
        "ndcg@10": 0.8792047143986903,
        "mrr": 0.8333333333333333,
        "ci": [
          0.817,
          0.936
        ]
      },
      "embedding": {
        "ndcg@10": 0.7683845652417707,
        "mrr": 0.5236111111111111,
        "ci": [
          0.711,
          0.82
        ]
      },
      "hybrid": {
        "ndcg@10": 0.788441327501698,
        "mrr": 0.7333333333333333,
        "ci": [
          0.747,
          0.834
        ]
      }
    }
  },
  "per_query": {
    "科技新聞": {
      "bm25": {
        "ndcg@10": 0.9614,
        "mrr": 1.0
      },
      "embedding": {
        "ndcg@10": 0.8308,
        "mrr": 0.5
      },
      "hybrid": {
        "ndcg@10": 0.7835,
        "mrr": 1.0
      }
    },
    "投資理財": {
      "bm25": {
        "ndcg@10": 0.7284,
        "mrr": 0.5
      },
      "embedding": {
        "ndcg@10": 0.8483,
        "mrr": 1.0
      },
      "hybrid": {
        "ndcg@10": 0.9129,
        "mrr": 1.0
      }
    },
    "想聽輕鬆學英文的節目": {
      "bm25": {
        "ndcg@10": 0.9951,
        "mrr": 1.0
      },
      "embedding": {
        "ndcg@10": 0.5958,
        "mrr": 0.1111
      },
      "hybrid": {
        "ndcg@10": 0.784,
        "mrr": 1.0
      }
    },
    "聽創業者分享他們的故事": {
      "bm25": {
        "ndcg@10": 0.9606,
        "mrr": 1.0
      },
      "embedding": {
        "ndcg@10": 0.7927,
        "mrr": 1.0
      },
      "hybrid": {
        "ndcg@10": 0.8743,
        "mrr": 1.0
      }
    },
    "心理健康": {
      "bm25": {
        "ndcg@10": 0.9385,
        "mrr": 1.0
      },
      "embedding": {
        "ndcg@10": 0.6652,
        "mrr": 0.3333
      },
      "hybrid": {
        "ndcg@10": 0.6621,
        "mrr": 0.5
      }
    },
    "台灣政治": {
      "bm25": {
        "ndcg@10": 0.9269,
        "mrr": 1.0
      },
      "embedding": {
        "ndcg@10": 0.7374,
        "mrr": 0.0
      },
      "hybrid": {
        "ndcg@10": 0.8108,
        "mrr": 1.0
      }
    },
    "AI 人工智慧": {
      "bm25": {
        "ndcg@10": 0.9164,
        "mrr": 1.0
      },
      "embedding": {
        "ndcg@10": 0.6997,
        "mrr": 0.3333
      },
      "hybrid": {
        "ndcg@10": 0.7337,
        "mrr": 0.5
      }
    },
    "股票分析": {
      "bm25": {
        "ndcg@10": 0.925,
        "mrr": 1.0
      },
      "embedding": {
        "ndcg@10": 0.72,
        "mrr": 0.5
      },
      "hybrid": {
        "ndcg@10": 0.7303,
        "mrr": 0.5
      }
    },
    "technology podcast": {
      "bm25": {
        "ndcg@10": 0.6783,
        "mrr": 0.3333
      },
      "embedding": {
        "ndcg@10": 0.8866,
        "mrr": 1.0
      },
      "hybrid": {
        "ndcg@10": 0.757,
        "mrr": 0.5
      }
    },
    "business news": {
      "bm25": {
        "ndcg@10": 0.8915,
        "mrr": 1.0
      },
      "embedding": {
        "ndcg@10": 0.684,
        "mrr": 0.125
      },
      "hybrid": {
        "ndcg@10": 0.7879,
        "mrr": 0.5
      }
    },
    "podcasts for personal growth and self improvement": {
      "bm25": {
        "ndcg@10": 0.9034,
        "mrr": 1.0
      },
      "embedding": {
        "ndcg@10": 0.8142,
        "mrr": 1.0
      },
      "hybrid": {
        "ndcg@10": 0.7421,
        "mrr": 0.5
      }
    },
    "true crime": {
      "bm25": {
        "ndcg@10": 0.9047,
        "mrr": 1.0
      },
      "embedding": {
        "ndcg@10": 0.8497,
        "mrr": 0.0
      },
      "hybrid": {
        "ndcg@10": 0.8293,
        "mrr": 1.0
      }
    },
    "something funny and entertaining to listen to": {
      "bm25": {
        "ndcg@10": 0.8302,
        "mrr": 0.5
      },
      "embedding": {
        "ndcg@10": 0.7166,
        "mrr": 0.1667
      },
      "hybrid": {
        "ndcg@10": 0.7513,
        "mrr": 0.3333
      }
    },
    "artificial intelligence": {
      "bm25": {
        "ndcg@10": 0.9093,
        "mrr": 1.0
      },
      "embedding": {
        "ndcg@10": 0.8338,
        "mrr": 0.0
      },
      "hybrid": {
        "ndcg@10": 0.9244,
        "mrr": 1.0
      }
    },